TTTAGG;1
ATTCCA;2
GCTCAA;3
CATCCC;4
TTGGAC;5
CTGTGT;6
GGACAT;7
CAAAGT;8
AAGCGG;9
AATAAA;10
GAGGAG;11
GGTACA;12
AGCGAG;13
GTCGGT;14
ATTTGC;15
AGGACT;16
GCCCTC;17
TCGTAA;18
CCAGAC;19
TATGTA;20
ACAATA;21
ATGCTT;22
AGTTTA;23
CACAAG;24
ATCAAC;25
TAGTCG;26
TAGAGA;27
GTCCCG;28
TACTTC;29
AAAGTT;30
TAAGGG;31
GTTGCC;32
AAGTAC;33
GATCTT;34
TTAACT;35
GCGAAT;36
CCGCTA;37
TGAAGC;38
ATACAG;39
CTTCTG;40
GAGATC;41
CCGACG;42
CTCCAT;43
AAAACG;44
TAGCAT;45
TCGGGT;46
GTGGTA;47
CCTAGA;48
GGGTTT;49
ATGGCG;50
TTCATA;51
AACGCC;52
GGCTGC;53
GCTGTG;54
AGATGG;55
GTAATG;56
AGGGTC;57
ATCTCT;58
GCCTAG;59
TCAAAG;60
CATGAT;61
TGTGCG;62
GCAGGA;63
TCTACC;64
AGTCGT;65
CGTGGC;66
GCGTCC;67
GAACGC;68
ACTTAT;69
TGGATG;70
TATTGT;71
ACGTTG;72
GAATTA;73
CCATCT;74
TGATCA;75
CGTATT;76
CGGCAG;77
GACACT;78
TTCCGC;79
CTCGCA;80
GTATAC;81
TGTCAC;82
TGCGGA;83
ACGAGC;84
ACACCC;85
CGCTTG;86
TGCAAT;87
CAACAA;88
CTGAAA;89
AACCTA;90
ACCTGA;91
TCACTT;92
GGGCGA;93
CGCACC;94
CGAGTA;95
CCTTTC;96
